{"cameraMode":{"drawMode":0,"name":"Shaded","section":"Shading Mode"},"sceneLighting":false,"audioPlay":false,"sceneViewState":{"m_AlwaysRefresh":false,"showFog":true,"showSkybox":false,"showFlares":true,"showImageEffects":true,"showParticleSystems":true,"showVisualEffectGraphs":true,"m_FxEnabled":true},"in2DMode":false,"pivot":{"x":0.27947378158569338,"y":5.622682571411133,"z":-0.5849242210388184},"rotation":{"x":0.054534971714019778,"y":0.650450587272644,"z":-0.04691523686051369,"w":0.756142795085907},"size":12.948505401611329,"orthographic":false}