{"cameraMode":{"drawMode":0,"name":"Shaded","section":"Shading Mode"},"sceneLighting":true,"audioPlay":false,"sceneViewState":{"m_AlwaysRefresh":false,"showFog":true,"showSkybox":false,"showFlares":true,"showImageEffects":true,"showParticleSystems":true,"showVisualEffectGraphs":true,"m_FxEnabled":true},"in2DMode":false,"pivot":{"x":12.727483749389649,"y":1.2436915636062623,"z":14.390591621398926},"rotation":{"x":0.0847138985991478,"y":0.8029733300209045,"z":-0.11766427010297775,"w":0.5781129598617554},"size":2.652520179748535,"orthographic":false}