{"cameraMode":{"drawMode":0,"name":"Shaded","section":"Shading Mode"},"sceneLighting":true,"audioPlay":false,"sceneViewState":{"m_AlwaysRefresh":false,"showFog":true,"showSkybox":false,"showFlares":true,"showImageEffects":true,"showParticleSystems":true,"showVisualEffectGraphs":true,"m_FxEnabled":true},"in2DMode":false,"pivot":{"x":22.965415954589845,"y":-0.053863994777202609,"z":16.709564208984376},"rotation":{"x":0.2279435694217682,"y":-0.6531673073768616,"z":0.2160932719707489,"w":0.6890044212341309},"size":1.8240835666656495,"orthographic":false}