{"cameraMode":{"drawMode":0,"name":"Shaded","section":"Shading Mode"},"sceneLighting":false,"audioPlay":false,"sceneViewState":{"m_AlwaysRefresh":false,"showFog":true,"showSkybox":false,"showFlares":true,"showImageEffects":true,"showParticleSystems":true,"showVisualEffectGraphs":true,"m_FxEnabled":true},"in2DMode":false,"pivot":{"x":21.912506103515626,"y":4.020909309387207,"z":67.82760620117188},"rotation":{"x":-0.019939033314585687,"y":-0.7267133593559265,"z":0.02160457894206047,"w":-0.6864058971405029},"size":17.450584411621095,"orthographic":false}