{"cameraMode":{"drawMode":0,"name":"Shaded","section":"Shading Mode"},"sceneLighting":true,"audioPlay":false,"sceneViewState":{"m_AlwaysRefresh":false,"showFog":true,"showSkybox":true,"showFlares":true,"showImageEffects":true,"showParticleSystems":true,"showVisualEffectGraphs":true,"m_FxEnabled":true},"in2DMode":false,"pivot":{"x":1.1496741771697999,"y":2.379251480102539,"z":-0.37164950370788576},"rotation":{"x":0.13844794034957887,"y":-0.2810628116130829,"z":0.041005734354257587,"w":0.9487740993499756},"size":5.420809268951416,"orthographic":false}