{"cameraMode":{"drawMode":0,"name":"Shaded","section":"Shading Mode"},"sceneLighting":true,"audioPlay":false,"sceneViewState":{"m_AlwaysRefresh":false,"showFog":true,"showSkybox":true,"showFlares":true,"showImageEffects":true,"showParticleSystems":true,"showVisualEffectGraphs":true,"m_FxEnabled":true},"in2DMode":false,"pivot":{"x":0.9777348637580872,"y":1.9099998474121094,"z":-0.2624807357788086},"rotation":{"x":0.02696141228079796,"y":-0.05095889791846275,"z":0.0013754850951954723,"w":0.9983362555503845},"size":2.43070387840271,"orthographic":true}