{"cameraMode":{"drawMode":0,"name":"Shaded","section":"Shading Mode"},"sceneLighting":true,"audioPlay":false,"sceneViewState":{"m_AlwaysRefresh":false,"showFog":true,"showSkybox":true,"showFlares":true,"showImageEffects":true,"showParticleSystems":true,"showVisualEffectGraphs":true,"m_FxEnabled":true},"in2DMode":false,"pivot":{"x":39.17711639404297,"y":-0.8764177560806274,"z":133.19351196289063},"rotation":{"x":0.01915055513381958,"y":-0.9474614858627319,"z":0.0577707402408123,"w":0.3140980899333954},"size":15.644660949707032,"orthographic":false}