{"cameraMode":{"drawMode":0,"name":"Shaded","section":"Shading Mode"},"sceneLighting":false,"audioPlay":false,"sceneViewState":{"m_AlwaysRefresh":false,"showFog":true,"showSkybox":false,"showFlares":true,"showImageEffects":true,"showParticleSystems":true,"showVisualEffectGraphs":true,"m_FxEnabled":true},"in2DMode":false,"pivot":{"x":74.97186279296875,"y":14.056705474853516,"z":81.4930419921875},"rotation":{"x":0.004172921646386385,"y":0.9509056806564331,"z":-0.012838460505008698,"w":0.30921804904937746},"size":32.37126541137695,"orthographic":false}